run_id,lever,phase,event,utc_time
run-2026-09-02-a,A,filmdemo,start,2026-09-02T23:32:09Z
run-2026-09-02-a,A,filmdemo,done,2026-09-02T23:36:42Z
run-2026-09-03-min0-steady,A,steady,start,2026-09-03T14:26:47Z
run-2026-09-03-min0-steady,A,steady,done,2026-09-03T15:31:29Z
run-2026-09-03-min0-bursty,A,bursty,start,2026-09-03T15:46:29Z
run-2026-09-03-min0-bursty,A,bursty,done,2026-09-03T16:46:23Z
run-2026-09-03-min0-sparse,A,sparse,start,2026-09-03T17:01:23Z
run-2026-09-03-min0-sparse,A,sparse,done,2026-09-03T17:51:26Z
run-2026-09-04-min1-steady,A,steady,start,2026-09-04T11:30:22Z
run-2026-09-04-min1-steady,A,steady,done,2026-09-04T12:29:55Z
run-2026-09-04-min1-bursty,A,bursty,start,2026-09-04T12:29:56Z
run-2026-09-04-min1-bursty,A,bursty,done,2026-09-04T13:29:50Z
run-2026-09-04-min1-sparse,A,sparse,start,2026-09-04T13:29:51Z
run-2026-09-04-min1-sparse,A,sparse,done,2026-09-04T14:19:54Z
run-2026-09-04-b-nocompaction,A,steady,start,2026-09-04T14:24:56Z
run-2026-09-04-b-nocompaction,B,steady,start,2026-09-04T14:48:42Z
run-2026-09-04-b-nocompaction,B,steady,done,2026-09-04T15:48:12Z
run-2026-09-04-b-nocompaction,B,steady,start,2026-09-04T16:35:23Z
run-2026-09-04-b-nocompaction,B,steady,done,2026-09-04T17:34:54Z
run-2026-09-04-b-compaction,B,steady,start,2026-09-04T17:41:00Z
run-2026-09-04-b-compaction,B,steady,done,2026-09-04T18:40:32Z
run-2026-09-04-c-cloudrun,C,steady,start,2026-09-04T19:10:53Z
run-2026-09-04-c-cloudrun,C,steady,start,2026-09-04T19:12:25Z
run-2026-09-04-c-cloudrun,C,steady,done,2026-09-04T20:11:59Z
run-2026-09-04-c-agentruntime,C,filmdemo,start,2026-09-04T20:37:36Z
run-2026-09-04-c-agentruntime,C,filmdemo,done,2026-09-04T20:42:12Z
run-2026-09-04-c-agentruntime,C,steady,start,2026-09-04T20:44:23Z
run-2026-09-04-c-agentruntime,C,steady,done,2026-09-04T21:43:57Z
run-2026-09-05-film,A,deploy,start,2026-09-05T12:39:10Z
run-2026-09-05-film,A,deploy,done,2026-09-05T12:41:07Z
run-2026-09-05-film,A,cold,start,2026-09-05T12:55:23Z
run-2026-09-05-film,A,cold,done,2026-09-05T12:55:26Z
run-2026-09-05-film,A,warm,start,2026-09-05T13:04:46Z
run-2026-09-05-film,A,warm,done,2026-09-05T13:05:36Z
run-2026-09-05-film,A,warm,start,2026-09-05T13:09:13Z
run-2026-09-05-film,A,warm,done,2026-09-05T13:09:38Z
run-2026-09-05-film,A,demoload,start,2026-09-05T13:23:07Z
run-2026-09-05-film,A,filmdemo,start,2026-09-05T13:23:08Z
run-2026-09-05-film,A,filmdemo,done,2026-09-05T13:27:43Z
run-2026-09-05-film,A,demoload,done,2026-09-05T13:27:43Z
run-2026-09-05-film,A,cold,start,2026-09-05T15:23:43Z
run-2026-09-05-film,A,cold,done,2026-09-05T15:24:03Z
run-2026-09-05-film,A,teardown,start,2026-09-05T16:19:12Z
run-2026-09-05-film,C,teardown,done,2026-09-05T16:19:26Z
run-2026-09-05-film,A,teardown,start,2026-09-05T16:20:24Z
run-2026-09-05-film,C,teardown,done,2026-09-05T16:20:33Z
run-2026-09-05-film,A,teardown,start,2026-09-05T16:22:19Z
run-2026-09-05-film,C,teardown,done,2026-09-05T16:22:29Z
